job_title,AverageSalary
AI Researcher,110574.63262032086
Applied Scientist,111382.24216678718
Data Analyst,111343.31513317191
Data Scientist,110740.23156956004
MLOps Engineer,110348.28854129637
Machine Learning Engineer,110816.6923453167
